{"cameraMode":{"drawMode":0,"name":"Shaded","section":"Shading Mode"},"sceneLighting":true,"audioPlay":false,"sceneViewState":{"m_AlwaysRefresh":false,"showFog":true,"showSkybox":false,"showFlares":true,"showImageEffects":true,"showParticleSystems":true,"showVisualEffectGraphs":true,"m_FxEnabled":true},"in2DMode":false,"pivot":{"x":-12.578792572021485,"y":5.7654218673706059,"z":-1.256866455078125},"rotation":{"x":0.009667671285569668,"y":0.9891153573989868,"z":-0.07612256705760956,"w":0.12559568881988526},"size":42.39930725097656,"orthographic":false}